-- phpMyAdmin SQL Dump
-- version 5.2.1
-- https://www.phpmyadmin.net/
--
-- Host: 127.0.0.1
-- Generation Time: Feb 23, 2024 at 11:56 AM
-- Server version: 10.4.28-MariaDB
-- PHP Version: 8.0.28

SET SQL_MODE = "NO_AUTO_VALUE_ON_ZERO";
START TRANSACTION;
SET time_zone = "+00:00";


/*!40101 SET @OLD_CHARACTER_SET_CLIENT=@@CHARACTER_SET_CLIENT */;
/*!40101 SET @OLD_CHARACTER_SET_RESULTS=@@CHARACTER_SET_RESULTS */;
/*!40101 SET @OLD_COLLATION_CONNECTION=@@COLLATION_CONNECTION */;
/*!40101 SET NAMES utf8mb4 */;

--
-- Database: `newsportal`
--

-- --------------------------------------------------------

--
-- Table structure for table `tbladmin`
--

CREATE TABLE `tbladmin` (
  `id` int(11) NOT NULL,
  `AdminUserName` varchar(255) DEFAULT NULL,
  `AdminPassword` varchar(255) DEFAULT NULL,
  `AdminEmailId` varchar(255) DEFAULT NULL,
  `userType` varchar(255) DEFAULT NULL,
  `CreationDate` timestamp NOT NULL DEFAULT current_timestamp(),
  `UpdationDate` timestamp NULL DEFAULT NULL ON UPDATE current_timestamp()
) ENGINE=InnoDB DEFAULT CHARSET=latin1 COLLATE=latin1_swedish_ci;

--
-- Dumping data for table `tbladmin`
--

INSERT INTO `tbladmin` (`id`, `AdminUserName`, `AdminPassword`, `AdminEmailId`, `userType`, `CreationDate`, `UpdationDate`) VALUES
(1, 'admin', 'f925916e2754e5e03f75dd58a5733251', 'phpgurukulofficial@gmail.com', 'admin', '2021-05-26 18:30:00', '2021-11-11 16:23:15');

-- --------------------------------------------------------
--
-- Table structure for table `tblcategory`
--

CREATE TABLE `tbluser` (
  `id` int(11) NOT NULL PRIMARY KEY AUTO_INCREMENT,
  `Username` varchar(255) DEFAULT NULL,
  `UserPassword` varchar(255) DEFAULT NULL,
  `userType` varchar(255) DEFAULT NULL,
  `CreationDate` timestamp NOT NULL DEFAULT current_timestamp(),
  `UpdationDate` timestamp NULL DEFAULT NULL ON UPDATE current_timestamp()
) ENGINE=InnoDB DEFAULT CHARSET=latin1 COLLATE=latin1_swedish_ci;

INSERT INTO `tbluser` (`id`, `Username`, `UserPassword`, `userType`, `CreationDate`, `UpdationDate`) VALUES
(1, 'sammp', 'pass', 'user', '2021-05-26 18:30:00', '2021-11-11 16:23:15');

CREATE TABLE `tblcategory` (
  `id` int(11) NOT NULL,
  `CategoryName` varchar(200) DEFAULT NULL,
  `Description` mediumtext DEFAULT NULL,
  `PostingDate` timestamp NULL DEFAULT current_timestamp(),
  `UpdationDate` timestamp NULL DEFAULT NULL ON UPDATE current_timestamp(),
  `Is_Active` int(1) DEFAULT NULL
) ENGINE=InnoDB DEFAULT CHARSET=latin1 COLLATE=latin1_swedish_ci;

--
-- Dumping data for table `tblcategory`
--

INSERT INTO `tblcategory` (`id`, `CategoryName`, `Description`, `PostingDate`, `UpdationDate`, `Is_Active`) VALUES
(9, 'EVENT', 'School event', '2024-02-21 21:31:01', NULL, 1),
(10, 'HK ANNOUNCEMENT', 'School event', '2024-02-21 21:31:01', NULL, 1),
(11, 'SHS', 'School event', '2024-02-21 21:31:01', NULL, 1),
(12, 'CAS', 'School event', '2024-02-21 21:31:01', NULL, 1),
(13, 'CITE', 'School event', '2024-02-21 21:31:01', NULL, 1),
(14, 'CEA', 'School event', '2024-02-21 21:31:01', NULL, 1),
(15, 'CMA', 'School event', '2024-02-21 21:31:01', NULL, 1),
(16, 'CAHS', 'School event', '2024-02-21 21:31:01', NULL, 1),
(17, 'CCJE', 'School event', '2024-02-21 21:31:01', NULL, 1);

-- --------------------------------------------------------

--
-- Table structure for table `tblcomments`
--

CREATE TABLE `tblcomments` (
  `id` int(11) NOT NULL,
  `postId` int(11) DEFAULT NULL,
  `name` varchar(120) DEFAULT NULL,
  `email` varchar(150) DEFAULT NULL,
  `comment` mediumtext DEFAULT NULL,
  `postingDate` timestamp NULL DEFAULT current_timestamp(),
  `status` int(1) DEFAULT NULL
) ENGINE=InnoDB DEFAULT CHARSET=latin1 COLLATE=latin1_swedish_ci;

-- --------------------------------------------------------

--
-- Table structure for table `tblpages`
--

CREATE TABLE `tblpages` (
  `id` int(11) NOT NULL,
  `PageName` varchar(200) DEFAULT NULL,
  `PageTitle` mediumtext DEFAULT NULL,
  `Description` longtext DEFAULT NULL,
  `PostingDate` timestamp NULL DEFAULT current_timestamp(),
  `UpdationDate` timestamp NULL DEFAULT NULL ON UPDATE current_timestamp()
) ENGINE=InnoDB DEFAULT CHARSET=latin1 COLLATE=latin1_swedish_ci;

--
-- Dumping data for table `tblpages`
--

INSERT INTO `tblpages` (`id`, `PageName`, `PageTitle`, `Description`, `PostingDate`, `UpdationDate`) VALUES
(1, 'aboutus', 'About News Portal', '<font color=\"#7b8898\" face=\"Mercury SSm A, Mercury SSm B, Georgia, Times, Times New Roman, Microsoft YaHei New, Microsoft Yahei, å¾®è½¯é›…é»‘, å®‹ä½“, SimSun, STXihei, åŽæ–‡ç»†é»‘, serif\"><span style=\"font-size: 26px;\">Lorem ipsum dolor sit amet, consectetur adipiscing elit, sed do eiusmod tempor incididunt ut labore et dolore magna aliqua. Ut enim ad minim veniam, quis nostrud exercitation ullamco laboris nisi ut aliquip ex ea commodo consequat. Duis aute irure dolor in reprehenderit in voluptate velit esse cillum dolore eu fugiat nulla pariatur. Excepteur sint occaecat cupidatat non proident, sunt in culpa qui officia deserunt mollit anim id est laborum.</span></font><br>', '2021-06-29 18:30:00', '2021-11-06 18:30:00'),
(2, 'contactus', 'Contact Details', '<p><br></p><p><b>Address :&nbsp; </b>New Delhi India</p><p><b>Phone Number : </b>+91 -01234567890</p><p><b>Email -id : </b>phpgurukulofficial@gmail.com</p>', '2021-06-29 18:30:00', '2021-11-06 18:30:00');

-- --------------------------------------------------------

--
-- Table structure for table `tblposts`
--

CREATE TABLE `tblposts` (
  `id` int(11) NOT NULL,
  `PostTitle` longtext DEFAULT NULL,
  `CategoryId` int(11) DEFAULT NULL,
  `SubCategoryId` int(11) DEFAULT NULL,
  `PostDetails` text CHARACTER SET utf8 COLLATE utf8_general_ci DEFAULT NULL,
  `PostingDate` timestamp NULL DEFAULT current_timestamp(),
  `UpdationDate` timestamp NULL DEFAULT NULL ON UPDATE current_timestamp(),
  `Is_Active` int(1) DEFAULT NULL,
  `PostUrl` mediumtext DEFAULT NULL,
  `PostImage` varchar(255) DEFAULT NULL,
  `viewCounter` int(11) DEFAULT NULL,
  `postedBy` varchar(255) DEFAULT NULL,
  `lastUpdatedBy` varchar(255) DEFAULT NULL
) ENGINE=InnoDB DEFAULT CHARSET=latin1 COLLATE=latin1_swedish_ci;

-- --------------------------------------------------------

--
-- Table structure for table `tblsubcategory`
--

CREATE TABLE `tblsubcategory` (
  `SubCategoryId` int(11) NOT NULL,
  `CategoryId` int(11) DEFAULT NULL,
  `Subcategory` varchar(255) DEFAULT NULL,
  `SubCatDescription` mediumtext DEFAULT NULL,
  `PostingDate` timestamp NOT NULL DEFAULT current_timestamp(),
  `UpdationDate` timestamp NULL DEFAULT NULL ON UPDATE current_timestamp(),
  `Is_Active` int(1) DEFAULT NULL
) ENGINE=InnoDB DEFAULT CHARSET=latin1 COLLATE=latin1_swedish_ci;

--
-- Dumping data for table `tblsubcategory`
--

INSERT INTO `tblsubcategory` (`SubCategoryId`, `CategoryId`, `Subcategory`, `SubCatDescription`, `PostingDate`, `UpdationDate`, `Is_Active`) VALUES
(11, 9, 'Scholarship', 'scholarship', '2024-02-21 21:37:13', NULL, 1),
(12, 11, 'CCJE', 'CCJE', '2024-02-21 21:47:17', NULL, 1),
(13, 17, 'CCJE', 'CCJE', '2024-02-21 21:48:50', NULL, 1),
(14, 13, 'Event', 'Event', '2024-02-21 21:51:09', NULL, 1),
(15, 13, 'Cite', 'Cite', '2024-02-21 21:55:41', NULL, 1),
(16, 11, 'SHS', 'SHS', '2024-02-21 21:56:45', NULL, 1),
(17, 15, 'CMA', 'CMA', '2024-02-21 21:58:53', NULL, 1),
(18, 16, 'CAHS', 'CAHS', '2024-02-21 22:02:42', NULL, 1);

--
-- Indexes for dumped tables
--

--
-- Indexes for table `tbladmin`
--
ALTER TABLE `tbladmin`
  ADD PRIMARY KEY (`id`),
  ADD KEY `AdminUserName` (`AdminUserName`);

ALTER TABLE `tbluser`
  MODIFY `id` int(11) NOT NULL AUTO_INCREMENT, AUTO_INCREMENT=2;

--
-- Indexes for table `tblcategory`
--
ALTER TABLE `tblcategory`
  ADD PRIMARY KEY (`id`);

--
-- Indexes for table `tblcomments`
--
ALTER TABLE `tblcomments`
  ADD PRIMARY KEY (`id`),
  ADD KEY `id` (`id`),
  ADD KEY `postId` (`postId`);

--
-- Indexes for table `tblpages`
--
ALTER TABLE `tblpages`
  ADD PRIMARY KEY (`id`);

--
-- Indexes for table `tblposts`
--
ALTER TABLE `tblposts`
  ADD PRIMARY KEY (`id`),
  ADD KEY `id` (`id`),
  ADD KEY `postcatid` (`CategoryId`),
  ADD KEY `postsucatid` (`SubCategoryId`),
  ADD KEY `subadmin` (`postedBy`);

--
-- Indexes for table `tblsubcategory`
--
ALTER TABLE `tblsubcategory`
  ADD PRIMARY KEY (`SubCategoryId`),
  ADD KEY `catid` (`CategoryId`);

--
-- AUTO_INCREMENT for dumped tables
--

--
-- AUTO_INCREMENT for table `tbladmin`
--
ALTER TABLE `tbladmin`
  MODIFY `id` int(11) NOT NULL AUTO_INCREMENT, AUTO_INCREMENT=5;

--
-- AUTO_INCREMENT for table `tblcategory`
--
ALTER TABLE `tblcategory`
  MODIFY `id` int(11) NOT NULL AUTO_INCREMENT, AUTO_INCREMENT=19;

--
-- AUTO_INCREMENT for table `tblcomments`
--
ALTER TABLE `tblcomments`
  MODIFY `id` int(11) NOT NULL AUTO_INCREMENT, AUTO_INCREMENT=4;

--
-- AUTO_INCREMENT for table `tblpages`
--
ALTER TABLE `tblpages`
  MODIFY `id` int(11) NOT NULL AUTO_INCREMENT, AUTO_INCREMENT=3;

--
-- AUTO_INCREMENT for table `tblposts`
--
ALTER TABLE `tblposts`
  MODIFY `id` int(11) NOT NULL AUTO_INCREMENT, AUTO_INCREMENT=30;

--
-- AUTO_INCREMENT for table `tblsubcategory`
--
ALTER TABLE `tblsubcategory`
  MODIFY `SubCategoryId` int(11) NOT NULL AUTO_INCREMENT, AUTO_INCREMENT=19;

--
-- Constraints for dumped tables
--

--
-- Constraints for table `tblcomments`
--
ALTER TABLE `tblcomments`
  ADD CONSTRAINT `pid` FOREIGN KEY (`postId`) REFERENCES `tblposts` (`id`) ON DELETE NO ACTION ON UPDATE NO ACTION;

--
-- Constraints for table `tblposts`
--
ALTER TABLE `tblposts`
  ADD CONSTRAINT `postcatid` FOREIGN KEY (`CategoryId`) REFERENCES `tblcategory` (`id`) ON DELETE NO ACTION ON UPDATE NO ACTION,
  ADD CONSTRAINT `postsucatid` FOREIGN KEY (`SubCategoryId`) REFERENCES `tblsubcategory` (`SubCategoryId`) ON DELETE NO ACTION ON UPDATE NO ACTION,
  ADD CONSTRAINT `subadmin` FOREIGN KEY (`postedBy`) REFERENCES `tbladmin` (`AdminUserName`) ON DELETE NO ACTION ON UPDATE NO ACTION;

--
-- Constraints for table `tblsubcategory`
--
ALTER TABLE `tblsubcategory`
  ADD CONSTRAINT `catid` FOREIGN KEY (`CategoryId`) REFERENCES `tblcategory` (`id`) ON DELETE NO ACTION ON UPDATE NO ACTION;
COMMIT;

/*!40101 SET CHARACTER_SET_CLIENT=@OLD_CHARACTER_SET_CLIENT */;
/*!40101 SET CHARACTER_SET_RESULTS=@OLD_CHARACTER_SET_RESULTS */;
/*!40101 SET COLLATION_CONNECTION=@OLD_COLLATION_CONNECTION */;
